feature,bins,woe,bad_rate,population,population_pct,min,max,mean,warning
ext_mean,"(-0.0009885, 0.235]",1.4329655476427987,0.2690341173189551,10757,0.049972823183450484,1.1470169704839305e-05,0.2354214488892712,0.2690341173189551,
ext_mean,"(0.235, 0.304]",0.9880184715889345,0.19085246816026774,10757,0.049972823183450484,0.235431995495755,0.3037426008845764,0.19085246816026774,
ext_mean,"(0.304, 0.35]",0.7581940333414896,0.1578507018685507,10757,0.049972823183450484,0.3037500479861205,0.3495197904338215,0.1578507018685507,
ext_mean,"(0.35, 0.384]",0.53951230828152,0.13090368166604685,10756,0.0499681775737839,0.3495219607207869,0.3842123387986767,0.13090368166604685,
ext_mean,"(0.384, 0.414]",0.3779215134519973,0.11358988659602157,10758,0.04997746879311706,0.3842142274556059,0.4135721259608983,0.11358988659602157,
ext_mean,"(0.414, 0.439]",0.19262266000555106,0.0962253625883228,10756,0.0499681775737839,0.4135731446074761,0.4392647518470445,0.0962253625883228,
ext_mean,"(0.439, 0.462]",0.04993528971937318,0.08451097062104872,10756,0.0499681775737839,0.4392653754925624,0.4621747536898617,0.08451097062104872,
ext_mean,"(0.462, 0.484]",-0.058247806647557576,0.07650832016361439,10757,0.049972823183450484,0.4621770379377257,0.4837313498022975,0.07650832016361439,
ext_mean,"(0.484, 0.504]",-0.20673873258518932,0.06665427163707353,10757,0.049972823183450484,0.4837333892327429,0.5044290448194567,0.06665427163707353,
ext_mean,"(0.504, 0.524]",-0.2681179385313957,0.06293576275913358,10757,0.049972823183450484,0.5044291306971919,0.5242720706657913,0.06293576275913358,
ext_mean,"(0.524, 0.544]",-0.3463077666560399,0.05847898847155076,10756,0.0499681775737839,0.5242723278902273,0.5439418320226123,0.05847898847155076,
ext_mean,"(0.544, 0.563]",-0.46562602937076514,0.05224504973505624,10757,0.049972823183450484,0.5439423781788197,0.5634925521717252,0.05224504973505624,
ext_mean,"(0.5634930487547296, 0.6022834569086243]",-0.7115902441560276,0.041323850694928645,21513,0.09994100075723437,0.5634930487547296,0.6022834569086243,0.041323850694928645,
ext_mean,"(0.602, 0.623]",-0.8110795418521763,0.03755693966719346,10757,0.049972823183450484,0.6022871241169198,0.6227114837866836,0.03755693966719346,
ext_mean,"(0.623, 0.644]",-0.8664833768110333,0.035604722506274986,10757,0.049972823183450484,0.6227173645617905,0.6439357612523765,0.035604722506274986,
ext_mean,"(0.644, 0.667]",-0.9685569556842825,0.032261063592413534,10756,0.0499681775737839,0.6439362654389829,0.6666093626789108,0.032261063592413534,
ext_mean,"(0.667, 0.693]",-1.160658580918793,0.026773263921167613,10757,0.049972823183450484,0.6666093741010756,0.6928217084147719,0.026773263921167613,
ext_mean,"(0.693, 0.726]",-1.3306339542191588,0.02268290415543367,10757,0.049972823183450484,0.6928223299514733,0.7255824555889275,0.02268290415543367,
ext_mean,"(0.726, 0.879]",-1.6240777522097587,0.017012178116575252,10757,0.049972823183450484,0.7255842898304519,0.878903368632926,0.017012178116575252,
ext_mean,missing,0.2165893204949198,0.09836065573770492,122,0.0005667643793233205,,,0.09836065573770492,Small Bin
EXT_SOURCE_3,"(-0.000473, 0.155]",1.2166189872491877,0.2286634460547504,8694,0.04038893044128646,0.0005272652387098,0.1547436312725944,0.2286634460547504,
EXT_SOURCE_3,"(0.155, 0.229]",0.8223735761341374,0.16657133051138315,8741,0.04060727409561594,0.1556893746835917,0.228883416700673,0.16657133051138315,
EXT_SOURCE_3,"(0.229, 0.284]",0.5816919755075377,0.13577788191190254,8536,0.039654924113966095,0.2301588968634147,0.2837118826350007,0.13577788191190254,
EXT_SOURCE_3,"(0.284, 0.331]",0.41498448603989657,0.11737564708530272,8886,0.041280887497270706,0.2851799046358216,0.3312508645909018,0.11737564708530272,
EXT_SOURCE_3,"(0.331, 0.371]",0.2329136406159268,0.09978693181818182,8448,0.03924611046330665,0.3328505641648731,0.3706496323299817,0.09978693181818182,
EXT_SOURCE_3,"(0.371, 0.408]",0.20162833875784086,0.09701149425287356,8700,0.04041680409928597,0.3723336657058204,0.4083588531230431,0.09701149425287356,
EXT_SOURCE_3,"(0.408, 0.444]",-0.009339319058716699,0.08003638017280582,8796,0.04086278262727809,0.4101025731788671,0.4436153084085652,0.08003638017280582,
EXT_SOURCE_3,"(0.444, 0.476]",-0.0693733491904579,0.07572590011614402,8610,0.039998699229293354,0.445396241560834,0.475849908720221,0.07572590011614402,
EXT_SOURCE_3,"(0.476, 0.506]",-0.1978892517574417,0.06720686367969494,8392,0.03898595632197791,0.4776491548517548,0.5064842396679806,0.06720686367969494,
EXT_SOURCE_3,"(0.5082869913916046, 0.5620604831738043]",-0.3394502345771197,0.058857876912297095,17126,0.07956071114992776,0.5082869913916046,0.5620604831738043,0.058857876912297095,
EXT_SOURCE_3,"(0.5638350489514956, 0.6178261467332483]",-0.5139377576237876,0.04990413894214503,17734,0.0823852418272112,0.5638350489514956,0.6178261467332483,0.04990413894214503,
EXT_SOURCE_3,"(0.618, 0.643]",-0.5736970675155887,0.04714527981910684,8845,0.04109041750094074,0.6195277080511546,0.6430255641096323,0.04714527981910684,
EXT_SOURCE_3,"(0.643, 0.669]",-0.6992436732621186,0.0418151579947731,8418,0.03910674217330912,0.6446794549585961,0.6690566947824041,0.0418151579947731,
EXT_SOURCE_3,"(0.669, 0.694]",-0.7915993726247411,0.0382673100662103,8911,0.04139702773893532,0.6706517530862718,0.6940926425266661,0.0382673100662103,
EXT_SOURCE_3,"(0.694, 0.719]",-0.8672064672766991,0.03557958259994971,7954,0.03695117928801386,0.6956219298394389,0.7194907850918436,0.03557958259994971,
EXT_SOURCE_3,"(0.7209441499436497, 0.7862666146611379]",-0.8926018101844385,0.03471899674872271,17224,0.08001598089725305,0.7209441499436497,0.7862666146611379,0.03471899674872271,
EXT_SOURCE_3,"(0.786, 0.896]",-1.0632273647377142,0.02943237561317449,8562,0.03977570996529729,0.7874761977281463,0.8960095494948396,0.02943237561317449,
EXT_SOURCE_3,missing,0.16016952848873142,0.09343955014058107,42680,0.19827462056983047,,,0.09343955014058107,
EXT_SOURCE_1,"(0.013600000000000001, 0.158]",1.0830495051256055,0.20596379126730566,4695,0.02181113738461467,0.0145681324124455,0.1575349337281635,0.20596379126730566,Small Bin
EXT_SOURCE_1,"(0.158, 0.212]",0.608040654303723,0.13890072432893055,4694,0.021806491774948086,0.1575501854013132,0.2118079722308792,0.13890072432893055,Small Bin
EXT_SOURCE_1,"(0.212, 0.256]",0.4909597540292504,0.12547933532168726,4694,0.021806491774948086,0.2118153509018816,0.2559442268014356,0.12547933532168726,Small Bin
EXT_SOURCE_1,"(0.256, 0.296]",0.32788779222484715,0.10864933958244567,4694,0.021806491774948086,0.2559593774086953,0.2956664820299911,0.10864933958244567,Small Bin
EXT_SOURCE_1,"(0.296, 0.333]",0.17862106300609348,0.0950149126544525,4694,0.021806491774948086,0.295672004486804,0.3333881851441222,0.0950149126544525,Small Bin
EXT_SOURCE_1,"(0.3333901496445216, 0.4029990335587421]",0.14968157032684057,0.0925551176909149,9389,0.04361762915956276,0.3333901496445216,0.4029990335587421,0.0925551176909149,
EXT_SOURCE_1,"(0.403, 0.438]",-0.1016386341792472,0.07349808265871326,4694,0.021806491774948086,0.4030032869765933,0.4375523843655012,0.07349808265871326,Small Bin
EXT_SOURCE_1,"(0.438, 0.472]",-0.18594815920832017,0.06795909671921602,4694,0.021806491774948086,0.4375654368472232,0.471667210727432,0.06795909671921602,Small Bin
EXT_SOURCE_1,"(0.472, 0.505]",-0.20288756167145336,0.06689390711546656,4694,0.021806491774948086,0.4716694135099937,0.5052864405524363,0.06689390711546656,Small Bin
EXT_SOURCE_1,"(0.505, 0.539]",-0.3101261216540392,0.060502769492969746,4694,0.021806491774948086,0.505290859813759,0.5392357137106494,0.060502769492969746,Small Bin
EXT_SOURCE_1,"(0.539, 0.572]",-0.3366672795397245,0.059011504047720494,4694,0.021806491774948086,0.5392379099798796,0.5722190887183277,0.059011504047720494,Small Bin
EXT_SOURCE_1,"(0.5722212524915189, 0.6396012099936534]",-0.48850389277165035,0.051123655341356905,9389,0.04361762915956276,0.5722212524915189,0.6396012099936534,0.051123655341356905,
EXT_SOURCE_1,"(0.64, 0.675]",-0.6692303544623079,0.043033659991478485,4694,0.021806491774948086,0.639603247600237,0.6746588566183774,0.043033659991478485,Small Bin
EXT_SOURCE_1,"(0.675, 0.71]",-0.6954045618819653,0.041968470387729016,4694,0.021806491774948086,0.6746607968376503,0.7100580407073811,0.041968470387729016,Small Bin
EXT_SOURCE_1,"(0.7100671398225412, 0.7867445175583766]",-0.9279389626941853,0.033553472518108224,9388,0.04361298354989617,0.7100671398225412,0.7867445175583766,0.033553472518108224,
EXT_SOURCE_1,"(0.787, 0.832]",-1.1023474935511535,0.028334043459735832,4694,0.021806491774948086,0.7867460006264971,0.8321194207238808,0.028334043459735832,Small Bin
EXT_SOURCE_1,"(0.832, 0.952]",-1.33534422571271,0.022577209797657084,4695,0.02181113738461467,0.832147820368015,0.9516239622079844,0.022577209797657084,Small Bin
EXT_SOURCE_1,missing,0.062083843704601585,0.08545557908266253,121373,0.563851582062372,,,0.08545557908266253,
employment_years,"(-0.0, 1.6849315068493151]",0.38055855697513485,0.11385521694800045,35308,0.16402718610776884,-0.0,1.6849315068493151,0.11385521694800045,
employment_years,"(1.685, 2.099]",0.347317583106359,0.11054479556008608,8829,0.04101608774627538,1.6876712328767125,2.0986301369863014,0.11054479556008608,
employment_years,"(2.099, 2.515]",0.3454093550099921,0.11035730438715513,8844,0.04108577189127415,2.1013698630136988,2.515068493150685,0.11035730438715513,
employment_years,"(2.5178082191780824, 3.4246575342465757]",0.2617663119627268,0.10240861433833948,17645,0.08197178256688517,2.5178082191780824,3.4246575342465757,0.10240861433833948,
employment_years,"(3.425, 3.953]",0.2374224868356292,0.1001926782273603,8823,0.040988214088275875,3.4273972602739726,3.953424657534247,0.1001926782273603,
employment_years,"(3.956164383561644, 5.126027397260274]",0.09980826654981663,0.0884504167375404,17637,0.08193461768955249,3.956164383561644,5.126027397260274,0.0884504167375404,
employment_years,"(5.128767123287672, 6.734246575342466]",-0.008171847228557995,0.08012239347234815,17648,0.08198571939588492,5.128767123287672,6.734246575342466,0.08012239347234815,
employment_years,"(6.736986301369863, 8.7013698630137]",-0.13800089238649554,0.07106023686745623,17647,0.08198107378621833,6.736986301369863,8.7013698630137,0.07106023686745623,
employment_years,"(8.701, 10.085]",-0.23788428022481442,0.06474250141482739,8835,0.04104396140427489,8.704109589041096,10.084931506849315,0.06474250141482739,
employment_years,"(10.085, 12.022]",-0.2911217827931436,0.061592558983666064,8816,0.04095569482060978,10.087671232876712,12.02191780821918,0.061592558983666064,
employment_years,"(12.022, 14.638]",-0.3899359233131091,0.05612244897959184,8820,0.04097427725927612,12.024657534246575,14.63835616438356,0.05612244897959184,
employment_years,"(14.638, 19.975]",-0.561299205633797,0.04770538243626062,8825,0.040997505307609046,14.64109589041096,19.975342465753425,0.04770538243626062,
employment_years,"(19.975, 48.173]",-0.7249349394927503,0.04079782411604715,8824,0.04099285969794246,19.97808219178082,48.17260273972602,0.04079782411604715,
employment_years,missing,-0.4296437758034243,0.05405614614511302,38756,0.18004524823815254,,,0.05405614614511302,
credit_utilization,"(-175.29, 0.0]",-0.3967584054026003,0.055762633286972646,53925,0.25051450127057423,-175.28923076923076,0.0,0.055762633286972646,
credit_utilization,"(0.0, 0.00499]",-0.3454219415985494,0.058524173027989825,1179,0.005477173796903236,2.4180890470963952e-08,0.0049888594292035,0.058524173027989825,Small Bin
credit_utilization,"(0.00499, 0.0555]",-0.32672384139673477,0.05956659043885441,9183,0.04266063356824633,0.0049892531383672,0.0554712741021802,0.05956659043885441,
credit_utilization,"(0.0555, 0.106]",-0.32102292865406606,0.059886759581881534,9184,0.042665279177912914,0.0554845285829719,0.106085958101267,0.059886759581881534,
credit_utilization,"(0.106, 0.157]",-0.2942649643842186,0.061411149825783974,9184,0.042665279177912914,0.1060863740273085,0.157279096287665,0.061411149825783974,
credit_utilization,"(0.157, 0.209]",-0.24075646005075452,0.06456881533101046,9184,0.042665279177912914,0.1572795128458805,0.2091735974573731,0.06456881533101046,
credit_utilization,"(0.2091744661495028, 0.3135179856203391]",-0.1414985189649141,0.07082970383275261,18368,0.08533055835582583,0.2091744661495028,0.3135179856203391,0.07082970383275261,
credit_utilization,"(0.314, 0.367]",-0.018325802855183405,0.07937717770034843,9184,0.042665279177912914,0.3135208333333333,0.3674003247183565,0.07937717770034843,
credit_utilization,"(0.367, 0.423]",-0.018207525417555423,0.0793858216269193,9183,0.04266063356824633,0.3674037031796681,0.4228776529338327,0.0793858216269193,
credit_utilization,"(0.4228792628588071, 0.5496365479320701]",0.1339922463241857,0.09124564459930314,18368,0.08533055835582583,0.4228792628588071,0.5496365479320701,0.09124564459930314,
credit_utilization,"(0.55, 0.629]",0.22994916174773544,0.09952090592334495,9184,0.042665279177912914,0.5496437768240343,0.6287581138153886,0.09952090592334495,
credit_utilization,"(0.629, 0.726]",0.38524287247242844,0.11432926829268293,9184,0.042665279177912914,0.6287636480385077,0.7262467688039846,0.11432926829268293,
credit_utilization,"(0.726, 0.854]",0.4965117522900438,0.12608885017421603,9184,0.042665279177912914,0.7262535211267606,0.854221411844622,0.12608885017421603,
credit_utilization,"(0.854, 5.843]",0.5973921465134376,0.13763066202090593,9184,0.042665279177912914,0.854225,5.842603718660056,0.13763066202090593,
credit_utilization,missing,0.25902183604238793,0.10215649640583932,31579,0.1467037076610749,,,0.10215649640583932,
AMT_GOODS_PRICE,"(40499.999, 135000.0]",-0.22888301407813036,0.06529006882989184,15255,0.07086877546374798,40500.0,135000.0,106753.8646017699,
AMT_GOODS_PRICE,"(135000.0, 180000.0]",0.04694320545707087,0.08427968851395198,12328,0.057271075969654875,137142.0,180000.0,169403.69873458793,
AMT_GOODS_PRICE,"(180000.0, 225000.0]",0.08899192692091884,0.08758210822646231,22379,0.10396409872849663,184500.0,225000.0,219996.69674695027,
AMT_GOODS_PRICE,"(225000.0, 238500.0]",-0.022681884227662947,0.07905946498551712,5869,0.027265083133184983,227988.0,238500.0,235170.55512012268,
AMT_GOODS_PRICE,"(238500.0, 270000.0]",-0.041488293799196024,0.07770098217533648,13745,0.06385390486720524,238531.5,270000.0,262001.1558748636,
AMT_GOODS_PRICE,"(270000.0, 315000.0]",0.16919169544241144,0.09420654911838791,7940,0.03688614075268168,274500.0,315000.0,301686.85031486145,
AMT_GOODS_PRICE,"(315000.0, 378000.0]",0.3450268684586785,0.11031903704569358,8557,0.03975248191696437,316372.5,378000.0,349898.58647890616,
AMT_GOODS_PRICE,"(378000.0, 450000.0]",0.5563217627341936,0.1328269349209608,24355,0.11314382342966779,378598.5,450000.0,439224.2510367481,
AMT_GOODS_PRICE,"(450000.0, 463500.0]",-0.3366507677390267,0.059013416725511955,9913,0.046051928624853085,450234.0,463500.0,457324.0902350449,
AMT_GOODS_PRICE,"(463500.0, 526500.0]",-0.10305921361539513,0.0734017363851618,8869,0.041201912132938764,464463.0,526500.0,488296.73424286844,
AMT_GOODS_PRICE,"(526500.0, 639000.0]",-0.1086934008571423,0.07301945305892303,10641,0.04943393246212667,531000.0,639000.0,578303.7542994079,
AMT_GOODS_PRICE,"(639000.0, 675000.0]",0.12237746089656291,0.09028698742772266,18851,0.08757438782478619,643500.0,675000.0,673575.6956925362,
AMT_GOODS_PRICE,"(675000.0, 679500.0]",-0.7626243502617016,0.039349112426035504,3380,0.01570216067305593,675382.5,679500.0,679495.7782544378,
AMT_GOODS_PRICE,"(679500.0, 823500.0]",-0.3018332009952622,0.060976813024173654,10135,0.04708325397083486,682609.5,823500.0,738474.6765170202,
AMT_GOODS_PRICE,"(823500.0, 900000.0]",-0.15873952663404697,0.06970350003715538,13457,0.06251596928322889,827100.0,900000.0,891886.03485175,
AMT_GOODS_PRICE,"(900000.0, 1098000.0]",-0.4031090451778429,0.05542929292929293,7920,0.03679322855934999,900243.0,1098000.0,971439.4903409091,
AMT_GOODS_PRICE,"(1098000.0, 1305000.0]",-0.38207320222965785,0.0565410199556541,10824,0.05028407903111165,1102500.0,1305000.0,1150078.1495288247,
AMT_GOODS_PRICE,"(1305000.0, 4050000.0]",-0.6816395361480936,0.04252722493428464,10652,0.0494850341684591,1309500.0,4050000.0,1552233.3010702215,
AMT_GOODS_PRICE,missing,-0.006930982091852451,0.08021390374331551,187,0.0008687290076513191,,,,Small sample; 
active_ratio,"(0.0, 0.2]",-0.42691526375002337,0.054195872655362805,51074,0.23726986811114156,0.0,0.2,0.054195872655362805,
active_ratio,"(0.2, 0.25]",-0.3682207521576538,0.05728413845568657,13145,0.06106653906725449,0.2037,0.25,0.05728413845568657,
active_ratio,"(0.2553, 0.3333]",-0.2436360152171737,0.0643953421388306,24303,0.1129022517270054,0.2553,0.3333,0.0643953421388306,
active_ratio,"(0.3421, 0.4167]",-0.07572469316058653,0.07528259231348908,13270,0.06164724027557757,0.3421,0.4167,0.07528259231348908,
active_ratio,"(0.417, 0.5]",0.013365488789258972,0.0817241927787498,31435,0.14603473986908672,0.4194,0.5,0.0817241927787498,
active_ratio,"(0.5185, 0.6667]",0.24009727674736395,0.10043381759483454,19824,0.092094566030373,0.5185,0.6667,0.10043381759483454,
active_ratio,"(0.6818, 1.0]",0.37877567384087374,0.11367548613324832,31370,0.14573277524075873,0.6818,1.0,0.11367548613324832,
active_ratio,missing,0.26463179849153146,0.1026722013231288,30836,0.14325201967880255,,,0.1026722013231288,
age_years,"(21.020999999999997, 25.781]",0.437610330171294,0.11973989781699954,10765,0.050009988060783155,21.02191780821918,25.78082191780822,0.11973989781699954,
age_years,"(25.781, 28.173]",0.39064602916224717,0.11487741456166418,10768,0.05002392488978291,25.78356164383561,28.172602739726027,0.11487741456166418,
age_years,"(28.173, 30.149]",0.35578209519818055,0.1113796950539234,10756,0.0499681775737839,28.175342465753424,30.14794520547945,0.1113796950539234,
age_years,"(30.149, 32.033]",0.3139079302246425,0.10730211817168339,10764,0.05000534245111657,30.15068493150685,32.032876712328765,0.10730211817168339,
age_years,"(32.033, 33.997]",0.21375846400685383,0.09807924283195694,10777,0.050065735376782175,32.035616438356165,33.9972602739726,0.09807924283195694,
age_years,"(33.997, 36.0]",0.20770558229356914,0.09754509949786126,10754,0.04995888635445073,34.0,36.0,0.09754509949786126,
age_years,"(36.0, 37.773]",0.1655676583919462,0.09389802173307328,10767,0.050019279280116326,36.0027397260274,37.772602739726025,0.09389802173307328,
age_years,"(37.773, 39.493]",0.028825046316663158,0.08289192454232878,10761,0.04999140562211682,37.77534246575343,39.49315068493151,0.08289192454232878,
age_years,"(39.49589041095891, 43.136986301369866]",-0.00690733332628131,0.08021564344471813,21517,0.09995958319590072,39.49589041095891,43.136986301369866,0.08021564344471813,
age_years,"(43.137, 45.085]",-0.023684673774593545,0.07898644885836273,10774,0.05005179854778242,43.13972602739726,45.08493150684932,0.07898644885836273,
age_years,"(45.085, 47.17]",-0.06739326319724505,0.0758646336928226,10756,0.0499681775737839,45.08767123287672,47.16986301369863,0.0758646336928226,
age_years,"(47.17260273972602, 51.74246575342466]",-0.13634341790234766,0.07116974821146521,21526,0.10000139368289998,47.17260273972602,51.74246575342466,0.07116974821146521,
age_years,"(51.742, 53.926]",-0.19988919679610373,0.06708166867973614,10763,0.05000069684144999,51.74520547945205,53.92602739726028,0.06708166867973614,
age_years,"(53.926, 56.079]",-0.3497885827273698,0.058287626661708655,10757,0.049972823183450484,53.92876712328767,56.07671232876712,0.058287626661708655,
age_years,"(56.07945205479452, 63.54794520547945]",-0.42948772584904926,0.05406409660938226,32295,0.15002996418234948,56.07945205479452,63.54794520547945,0.05406409660938226,
age_years,"(63.548, 69.041]",-0.6555995677995264,0.043599516593845866,10757,0.049972823183450484,63.55068493150685,69.04109589041096,0.043599516593845866,
OCCUPATION_TYPE,Accountants,-0.6086457408416039,0.0456007015492546,6842,0.03178526133877179,,,,
OCCUPATION_TYPE,Cleaning staff,0.1908673373051995,0.09607250755287008,3310,0.015376967996395006,,,,
OCCUPATION_TYPE,Cooking staff,0.2929820325161894,0.10531354715174725,4178,0.019409357186990436,,,,
OCCUPATION_TYPE,Core staff,-0.23997881208210553,0.06461617989144482,19345,0.08986931900007898,,,,
OCCUPATION_TYPE,Drivers,0.3544463226027211,0.11124694376528117,13088,0.06080173931625917,,,,
OCCUPATION_TYPE,High skill tech staff,-0.2597341750689452,0.06343236805816722,7977,0.037058028310345305,,,,
OCCUPATION_TYPE,Laborers,0.29760621293314715,0.10575004534736078,38591,0.17927872264316608,,,,
OCCUPATION_TYPE,Low-skill Laborers,0.909743763830964,0.17905405405405406,1480,0.006875502306545199,,,,Small sample; 
OCCUPATION_TYPE,Managers,-0.2922439966942633,0.0615281948615282,14985,0.06961446085377014,,,,
OCCUPATION_TYPE,Medicine staff,-0.14280626226528986,0.07074380165289257,6050,0.028105938482836795,,,,
OCCUPATION_TYPE,OTHER,0.038486497598940336,0.08362931869551178,3097,0.014387453137412489,,,,
OCCUPATION_TYPE,Private service staff,-0.24539530239146054,0.06428957320367369,1851,0.008599023492848084,,,,Small sample; 
OCCUPATION_TYPE,Sales staff,0.18414424249266584,0.09549024007179717,22285,0.10352741141983768,,,,
OCCUPATION_TYPE,Security staff,0.31589997572398754,0.10749255002128566,4698,0.021825074213614425,,,,
OCCUPATION_TYPE,missing,-0.23320714259285327,0.06502667457024304,67480,0.3134857403011284,,,,
credit_goods_ratio,"(0.15, 1.079198675496689]",-0.22614696841423032,0.0654572028442506,86209,0.4004933637465913,0.15,1.079198675496689,0.0654572028442506,
credit_goods_ratio,"(1.079198717948718, 1.132]",-0.19589246284334433,0.06733242548040551,39654,0.1842170057187455,1.079198717948718,1.132,0.06733242548040551,
credit_goods_ratio,"(1.132, 1.145]",-0.13476970186871465,0.07127362875735978,6454,0.02998276478813697,1.1320022463346635,1.1452,0.07127362875735978,Small Bin
credit_goods_ratio,"(1.1452005206060585, 1.1663219512195122]",0.09115098419915674,0.08775487831615873,18244,0.08475450275716934,1.1452005206060585,1.1663219512195122,0.08775487831615873,
credit_goods_ratio,"(1.166, 1.198]",0.1037237093198288,0.08876661129568106,19264,0.08949302461708562,1.1663220338983051,1.198,0.08876661129568106,
credit_goods_ratio,"(1.1980003616916837, 1.2772]",0.3263322747087592,0.10849775507682169,24277,0.1127814658756742,1.1980003616916837,1.2772,0.10849775507682169,
credit_goods_ratio,"(1.277, 1.396]",0.3941179850323719,0.11523072819418512,14996,0.06966556256010258,1.2772006688963211,1.396,0.11523072819418512,
credit_goods_ratio,"(1.396, 6.0]",0.7241785559185371,0.15338245144005358,5972,0.027743580928843197,1.4,6.0,0.15338245144005358,Small Bin
credit_goods_ratio,missing,-0.0069229897683297115,0.08021390374331551,187,0.0008687290076513191,,,0.08021390374331551,Small Bin
credit_history_years,"(-8.011, -7.86]",-0.4333607719444253,0.05386592418076676,9338,0.04338070306656694,-8.01,-7.86,0.05386592418076676,
credit_history_years,"(-7.85, -6.84]",-0.3173563410099977,0.06009391703274112,46211,0.2146782683025407,-7.85,-6.84,0.06009391703274112,
credit_history_years,"(-6.83, -5.01]",-0.2380050950535737,0.06473548211614306,36765,0.17079583939198262,-6.83,-5.01,0.06473548211614306,
credit_history_years,"(-5.0, -3.69]",-0.08479188513369604,0.07465384476338527,27661,0.12850220898739645,-5.0,-3.69,0.07465384476338527,
credit_history_years,"(-3.69, -3.26]",0.06434973937773908,0.0856329391151993,9132,0.04242370747525052,-3.68,-3.26,0.0856329391151993,
credit_history_years,"(-3.26, -2.84]",-0.013362014391001436,0.07974068071312804,9255,0.042995117464240416,-3.25,-2.84,0.07974068071312804,
credit_history_years,"(-2.83, -1.9]",0.19210208710182994,0.0961799706569581,18403,0.08549315469415629,-2.83,-1.9,0.0961799706569581,
credit_history_years,"(-1.9, -1.37]",0.2656223028981626,0.10276384590758723,9371,0.04353400818556423,-1.89,-1.37,0.10276384590758723,
credit_history_years,"(-1.37, -0.82]",0.3473424292753299,0.11054721977052075,9064,0.042107806017922765,-1.36,-0.82,0.11054721977052075,
credit_history_years,"(-0.82, -0.01]",0.562138731458835,0.13349962043162347,9221,0.04283716673557654,-0.81,-0.01,0.13349962043162347,
credit_history_years,missing,0.26463179849153146,0.1026722013231288,30836,0.14325201967880255,,,0.1026722013231288,
approval_rate,"(-0.001, 0.278]",0.6255404864830265,0.14100565191970377,10262,0.047673246398491104,0.0,0.2777777777777778,0.14100565191970377,
approval_rate,"(0.278, 0.357]",0.4527589931597067,0.1213458897390622,10194,0.04735734494116335,0.28,0.3571428571428571,0.1213458897390622,
approval_rate,"(0.357, 0.444]",0.3244085331617066,0.10831211349581667,10996,0.051083123893764196,0.36,0.4444444444444444,0.10831211349581667,
approval_rate,"(0.444, 0.5]",0.15278498818321856,0.09281594126900891,22884,0.10631013161012186,0.4473684210526316,0.5,0.09281594126900891,
approval_rate,"(0.5, 0.6]",0.06059018239734111,0.08533898996491801,12257,0.05694123768332737,0.5142857142857142,0.6,0.08533898996491801,
approval_rate,"(0.6, 0.667]",-0.051426606210988476,0.07699170777789441,19054,0.08851744658710285,0.6086956521739131,0.6666666666666666,0.07699170777789441,
approval_rate,"(0.6764705882352942, 1.0]",-0.16656369261166715,0.06919782656533,118154,0.5488973645456362,0.6764705882352942,1.0,0.06919782656533,
approval_rate,missing,-0.3164797731006211,0.060143156424581005,11456,0.053220104340393114,,,0.060143156424581005,
late_payment_rate,"(-0.001, 0.0185]",-0.19647290173996662,0.06729602817452553,102220,0.47487422011827723,0.0,0.0185185185185185,0.06729602817452553,
late_payment_rate,"(0.0185, 0.0333]",-0.16787753967562458,0.06911303355832303,10519,0.04886716808280335,0.0186335403726708,0.0333333333333333,0.06911303355832303,
late_payment_rate,"(0.0333, 0.0484]",-0.02995672853573928,0.07853136155022948,9805,0.04555020278086195,0.0334928229665071,0.0483870967741935,0.07853136155022948,
late_payment_rate,"(0.0484, 0.0667]",-0.005955794217170633,0.08028587339892333,10774,0.05005179854778242,0.0484848484848484,0.0666666666666666,0.08028587339892333,
late_payment_rate,"(0.0667, 0.087]",0.06611615183888596,0.08577134298552172,10015,0.046525780810844714,0.0669642857142857,0.0869565217391304,0.08577134298552172,
late_payment_rate,"(0.0871369294605809, 0.1428571428571428]",0.21756962034954266,0.09841673182173573,20464,0.09506775621698714,0.0871369294605809,0.1428571428571428,0.09841673182173573,
late_payment_rate,"(0.143, 0.182]",0.2528534291408803,0.10159242088288652,9922,0.04609373911185234,0.1434262948207171,0.1818181818181818,0.10159242088288652,
late_payment_rate,"(0.182, 0.239]",0.2766969974191361,0.1037894528544573,10107,0.04695317690017049,0.1823529411764705,0.2391304347826087,0.1037894528544573,
late_payment_rate,"(0.239, 0.333]",0.3833826645757721,0.11414088446075861,11442,0.05315506580506093,0.2392638036809816,0.3333333333333333,0.11414088446075861,
late_payment_rate,"(0.333, 1.0]",0.5988187830482626,0.1378001116694584,8955,0.041601434564265044,0.3349514563106796,1.0,0.1378001116694584,
late_payment_rate,missing,-0.31266944864708374,0.06035889070146819,11034,0.051259657061094414,,,0.06035889070146819,
latest_enddate,"(-41875.001, -1072.8]",-0.2669352038600345,0.06300590680376285,9142,0.04247016357191636,-41875.0,-1073.0,-1713.4538394224458,
latest_enddate,"(-1072.8, -540.6]",-0.27239060179345465,0.0626846078109616,9141,0.042465517962249774,-1072.0,-541.0,-774.5772891368559,
latest_enddate,"(-540.6, -228.0]",-0.3300111409981535,0.059383202099737534,9144,0.04247945479124953,-540.0,-228.0,-372.2253937007874,
latest_enddate,"(-228.0, -23.0]",-0.38305725119407563,0.05648854961832061,9170,0.04260024064258073,-227.0,-23.0,-114.9649945474373,
latest_enddate,"(-23.0, 126.0]",-0.25119750885832637,0.06394141436222538,9149,0.04250268283958245,-22.0,126.0,51.147666411629686,
latest_enddate,"(126.0, 270.0]",-0.2052509070318013,0.0667471731254803,9109,0.04231685845291907,127.0,270.0,199.58469645405643,
latest_enddate,"(270.0, 442.0]",-0.17940767889930745,0.06837513631406761,9170,0.04260024064258073,271.0,442.0,350.3515812431843,
latest_enddate,"(442.0, 616.0]",-0.19662274072580924,0.06728665207877461,9140,0.04246087235258319,443.0,616.0,532.7608315098469,
latest_enddate,"(616.0, 767.0]",-0.12116701630965317,0.07217962760131434,9130,0.042414416255917346,617.0,767.0,691.6399780941949,
latest_enddate,"(767.0, 911.0]",-0.11490610693871164,0.0726000437349661,9146,0.0424887460105827,768.0,911.0,841.570959982506,
latest_enddate,"(911.0, 1030.0]",0.026951476322794588,0.08274956217162872,9136,0.04244228991391685,912.0,1030.0,973.3492775831874,
latest_enddate,"(1030.0, 1191.0]",-0.04588946048151889,0.0773861646234676,9136,0.04244228991391685,1031.0,1191.0,1094.7310639229422,
latest_enddate,"(1191.0, 1378.0]",-0.03724422023108413,0.07800567313986471,9166,0.042581658203914394,1192.0,1378.0,1290.7735108007855,
latest_enddate,"(1378.0, 1543.0]",0.1701190812085902,0.09428571428571429,9100,0.042275047965919806,1379.0,1543.0,1462.149010989011,
latest_enddate,"(1543.0, 1684.0]",0.3021771995904857,0.10618308935984269,9154,0.04252591088791537,1544.0,1684.0,1615.0423858422548,
latest_enddate,"(1684.0, 3188.0]",0.18816282362277664,0.09583789704271632,9130,0.042414416255917346,1685.0,3188.0,2048.0392113910184,
latest_enddate,"(3188.0, 9595.4]",-0.39584398817128497,0.05581089954038083,9138,0.042451581133250024,3189.0,9595.0,6168.922083606916,
latest_enddate,"(9595.4, 27414.0]",0.02349682996602548,0.08248772504091653,9165,0.04257701259424781,9596.0,27414.0,13557.107255864703,
latest_enddate,"(27414.0, 31059.0]",0.44454057593984464,0.12047150427165568,9247,0.042957952586907745,27415.0,31059.0,29910.09635557478,
latest_enddate,"(31059.0, 31199.0]",0.11876997069839212,0.08999112294718153,9012,0.04186623431526036,31060.0,31199.0,31122.373058144694,
latest_enddate,missing,0.2663508969074621,0.1028305377405032,32432,0.15066641270667155,,,,
ORGANIZATION_TYPE,Business Entity Type 1,-0.033014881331299026,0.07831039392501186,4214,0.01957659913498748,,,,
ORGANIZATION_TYPE,Business Entity Type 2,0.06529079197224205,0.08570653647952264,7374,0.034256725681394797,,,,
ORGANIZATION_TYPE,Business Entity Type 3,0.1471905886969151,0.09234584506746249,47582,0.22104739915542818,,,,
ORGANIZATION_TYPE,Construction,0.45114891420627273,0.1211734693877551,4704,0.02185294787161393,,,,
ORGANIZATION_TYPE,Government,-0.17465790393558972,0.0686783178590934,7324,0.03402444519806557,,,,
ORGANIZATION_TYPE,Industry: type 3,0.28191942853196766,0.10427574171029669,2292,0.01064773735581189,,,,
ORGANIZATION_TYPE,Industry: type 9,-0.1782736020576126,0.06844741235392321,2396,0.011130880761136688,,,,
ORGANIZATION_TYPE,Kindergarten,-0.13662709236553863,0.0711510938458393,4891,0.02272167687926525,,,,
ORGANIZATION_TYPE,Medicine,-0.1623342748369064,0.06947075912593154,7917,0.03677929173035023,,,,
ORGANIZATION_TYPE,OTHER,-0.052578606535009016,0.07690992408180015,29242,0.1358469178702667,,,,
ORGANIZATION_TYPE,Other,-0.08555389261957191,0.0746012690790602,11662,0.054177099931709535,,,,
ORGANIZATION_TYPE,School,-0.349735702033407,0.05829097839898348,6296,0.029248758460816607,,,,
ORGANIZATION_TYPE,Security,0.2955990299321495,0.10556038227628149,2302,0.010694193452477735,,,,
ORGANIZATION_TYPE,Self-employed,0.26162066599616246,0.1023949627075447,26681,0.12394951151414356,,,,
ORGANIZATION_TYPE,Trade: type 3,0.24669134838098278,0.10103092783505155,2425,0.011265603441467641,,,,
ORGANIZATION_TYPE,Trade: type 7,0.16612224875377343,0.09394495412844037,5450,0.025318572682886037,,,,
ORGANIZATION_TYPE,Transport: type 4,0.10772151459120044,0.08909042411309682,3749,0.017416390640025644,,,,
ORGANIZATION_TYPE,XNA,-0.4296466727328903,0.05405614614511302,38756,0.18004524823815254,,,,
avg_credit_application_ratio,"(0.199, 0.84]",-0.2711112099883293,0.06275943862423404,10118,0.04700427860650293,0.2,0.8395833333333333,0.06275943862423404,
avg_credit_application_ratio,"(0.8395836174371563, 1.0290275158879811]",-0.14786482648227575,0.07041195540444374,101176,0.4700242036263629,0.8395836174371563,1.0290275158879811,0.07041195540444374,
avg_credit_application_ratio,"(1.029, 1.041]",-0.11709977515760658,0.07245230799644163,10117,0.04699963299683634,1.029029081984355,1.040864011809687,0.07245230799644163,
avg_credit_application_ratio,"(1.041, 1.053]",0.034401642675736525,0.08331686103973117,10118,0.04700427860650293,1.0408697907069044,1.0527600450619603,0.08331686103973117,
avg_credit_application_ratio,"(1.053, 1.063]",0.09753381898231112,0.08826727290698824,10117,0.04699963299683634,1.0527604025020396,1.0626583333333333,0.08826727290698824,
avg_credit_application_ratio,"(1.063, 1.075]",0.1011044304585147,0.08855505040521842,10118,0.04700427860650293,1.0626584279809663,1.0754175282251994,0.08855505040521842,
avg_credit_application_ratio,"(1.075, 1.088]",0.11339659562321329,0.08955223880597014,10117,0.04699963299683634,1.075420595425428,1.0884574551414146,0.08955223880597014,
avg_credit_application_ratio,"(1.088, 1.106]",0.1885150935230347,0.09586874876457797,10118,0.04700427860650293,1.0884608281447188,1.1055896805896803,0.09586874876457797,
avg_credit_application_ratio,"(1.106, 1.124]",0.3276852580235663,0.10862904022931699,10117,0.04699963299683634,1.1055897701095387,1.124297851657031,0.10862904022931699,
avg_credit_application_ratio,"(1.124, 1.162]",0.4267554363511392,0.11860051393556038,10118,0.04700427860650293,1.124299230186127,1.1619333333333333,0.11860051393556038,
avg_credit_application_ratio,"(1.162, 2.741]",0.501198037125714,0.12660604862621072,10118,0.04700427860650293,1.1619347623195395,2.7408524050979857,0.12660604862621072,
avg_credit_application_ratio,missing,-0.28824823773862557,0.06175900813638125,12905,0.05995159274727419,,,0.06175900813638125,
active_loans,"(-0.001, 1.0]",-0.2333876512743217,0.06501570082786183,84072,0.3905656958891,0.0,1.0,0.6153654010847844,
active_loans,"(1.0, 2.0]",-0.09928557254806547,0.07365881005191703,41027,0.19059542779096614,2.0,2.0,2.0,
active_loans,"(2.0, 3.0]",0.033224806368486334,0.08322696899166604,26638,0.12374975029848043,3.0,3.0,3.0,
active_loans,"(3.0, 4.0]",0.16618361764835482,0.09395017793594305,15455,0.07179789739706491,4.0,4.0,4.0,
active_loans,"(4.0, 5.0]",0.2892796469416632,0.10496520816133978,8479,0.03939012436297078,5.0,5.0,5.0,
active_loans,"(5.0, 32.0]",0.5580711996619293,0.13302857142857144,8750,0.0406490845826152,6.0,32.0,7.062742857142857,
active_loans,missing,0.2646334612793763,0.1026722013231288,30836,0.14325201967880255,,,,
AMT_CREDIT,"(44999.999, 135000.0]",-0.2990184440861296,0.06113818148386504,10877,0.05053029634344063,45000.0,135000.0,104926.61584076492,
AMT_CREDIT,"(135000.0, 180000.0]",-0.104429766447624,0.07330857419667366,12386,0.057540521330316785,135531.0,180000.0,167299.15291458098,
AMT_CREDIT,"(180000.0, 225000.0]",-0.005143280271321831,0.0803458987490555,11911,0.055333856738689104,180580.5,225000.0,213400.17647552682,
AMT_CREDIT,"(225000.0, 254700.0]",-0.07670677391148763,0.07521434138737335,10264,0.047682537617824275,225171.0,254700.0,245983.72491231488,
AMT_CREDIT,"(254700.0, 270000.0]",-0.09981224826851996,0.0736228813559322,9440,0.04385455525255857,254799.0,270000.0,267786.6197033898,
AMT_CREDIT,"(270000.0, 307557.0]",0.12073456002269653,0.09015213815789473,9728,0.04519249083653493,270045.0,307557.0,287741.5502158717,
AMT_CREDIT,"(307557.0, 354276.0]",0.2266360046963077,0.0992239467849224,10824,0.05028407903111165,307818.0,354276.0,327659.2628880266,
AMT_CREDIT,"(354276.0, 432661.5]",0.2744854057010006,0.10358342665173573,10716,0.049782353187120515,354469.5,432661.5,389531.38143896975,
AMT_CREDIT,"(432661.5, 454500.0]",0.2898973694077879,0.10502325581395348,10750,0.04994030391578439,432841.5,454500.0,449435.26548837207,
AMT_CREDIT,"(454500.0, 516397.5]",0.11549496038068774,0.08972328333178049,10733,0.04986132855145245,454810.5,516397.5,491315.6471163701,
AMT_CREDIT,"(516397.5, 545040.0]",0.3666648226728095,0.11246075028920839,12102,0.05622116818500676,517266.0,545040.0,534148.8740704015,
AMT_CREDIT,"(545040.0, 604413.0]",0.1523491097747088,0.09277913264765136,9431,0.04381274476555931,545157.0,604413.0,576856.4596013149,
AMT_CREDIT,"(604413.0, 675000.0]",0.1483663745960974,0.09244444444444444,13500,0.06271573049889202,604683.0,675000.0,655163.4256666667,
AMT_CREDIT,"(675000.0, 755190.0]",-0.08528790748308261,0.07461963368543463,10319,0.04793804614948643,675040.5,755190.0,723065.4576509352,
AMT_CREDIT,"(755190.0, 808650.0]",-0.10173318756423201,0.07349197565024904,9035,0.04197308333759181,755460.0,808650.0,789230.0804095186,
AMT_CREDIT,"(808650.0, 900000.0]",-0.18382385385934422,0.06809436171992639,11954,0.055533617954352237,809136.0,900000.0,865410.1104232892,
AMT_CREDIT,"(900000.0, 1024740.0]",-0.13520423169975904,0.07124518613607189,9348,0.04342715916323279,900054.0,1024740.0,969231.8645699614,
AMT_CREDIT,"(1024740.0, 1133748.0]",-0.2506902840269254,0.06397177995995805,10489,0.04872779979280581,1024780.5,1133748.0,1087958.9053293928,
AMT_CREDIT,"(1133748.0, 1350000.0]",-0.2950361325342535,0.061367167270844125,11586,0.05382403359704911,1134000.0,1350000.0,1267244.7642413257,
AMT_CREDIT,"(1350000.0, 4050000.0]",-0.6151999572771037,0.04531630170316302,9864,0.04582429375119044,1350189.0,4050000.0,1698627.088959854,
total_debt,"(-3112461.136, 0.0]",-0.3912240421663772,0.05605475541240415,54643,0.25385004901118197,-3112461.135,0.0,0.05605475541240415,
total_debt,"(0.0, 2007.0]",-0.12924841088008843,0.07163742690058479,684,0.0031775970119438625,0.18,2007.0,0.07163742690058479,Small Bin
total_debt,"(2016.0, 119169.0]",-0.026173186833775775,0.07880562484184651,27663,0.12851150020672963,2016.0,119169.0,0.07880562484184651,
total_debt,"(119169.0, 169746.66]",0.0023629064689027948,0.08090228825506995,9221,0.04283716673557654,119173.5,169746.66,0.08090228825506995,
total_debt,"(169749.0, 2654347.5]",0.12034699187322823,0.09012037739941438,82989,0.3855345006201889,169749.0,2654347.5,0.09012037739941438,
total_debt,"(2654347.5, 334498331.205]",-0.0760057920410772,0.07526298666088277,9221,0.04283716673557654,2654669.0700000003,334498331.20500004,0.07526298666088277,
total_debt,missing,0.26463179849153146,0.1026722013231288,30836,0.14325201967880255,,,0.1026722013231288,
REGION_RATING_CLIENT_W_CITY,1,-0.5664240405229484,0.04747390396659708,23950,0.11126235151470103,1.0,1.0,1.0,
REGION_RATING_CLIENT_W_CITY,2,-0.01739909148099314,0.07944495652823796,160564,0.7459176705054887,2.0,2.0,2.0,
REGION_RATING_CLIENT_W_CITY,3,0.3753106107998934,0.11332661093582279,30743,0.1428199779798102,3.0,3.0,3.0,
NAME_EDUCATION_TYPE,Higher education,-0.4328886273415675,0.05389061124507215,52254,0.2427516875177114,,,,
NAME_EDUCATION_TYPE,Incomplete higher,0.09749126263952984,0.08826368776720453,7251,0.03368531569240489,,,,
NAME_EDUCATION_TYPE,Lower secondary,0.34157981870076437,0.10998116760828625,2655,0.012334093664782098,,,,
NAME_EDUCATION_TYPE,OTHER,-2.202215694610245,0.009615384615384616,104,0.0004831434053247978,,,,Small sample; 
NAME_EDUCATION_TYPE,Secondary / secondary special,0.10754340265672499,0.0890759707960495,152993,0.7107457597197768,,,,
refused_count,"(-0.001, 1.0]",-0.09224672057454793,0.07414053702510492,166063,0.7714638780620374,0.0,1.0,0.19672654354070443,
refused_count,"(1.0, 2.0]",0.2562195517834145,0.10189961001383822,15898,0.07385590247936188,2.0,2.0,2.0,
refused_count,"(2.0, 3.0]",0.37168877660788596,0.11296318503417677,8339,0.03873973900964893,3.0,3.0,3.0,
refused_count,"(3.0, 4.0]",0.45250085819876035,0.12131751227495909,4888,0.022707740050265497,4.0,4.0,4.0,
refused_count,"(4.0, 58.0]",0.6317851544085752,0.1417624521072797,8613,0.04001263605829311,5.0,58.0,7.3613142923487755,
refused_count,missing,-0.3164866151826679,0.060143156424581005,11456,0.053220104340393114,,,,
DAYS_LAST_PHONE_CHANGE,"(-4292.0, -2160.0]",-0.43785440928466257,0.053637713437268,21552,0.10012217953423118,-4292.0,-2160.0,0.053637713437268,
DAYS_LAST_PHONE_CHANGE,"(-2159.0, -1570.0]",-0.2796000497030256,0.062262225109028485,32331,0.1501972061303465,-2159.0,-1570.0,0.062262225109028485,
DAYS_LAST_PHONE_CHANGE,"(-1569.0, -1231.0]",-0.16607869261291444,0.06922897740507804,21465,0.09971801149323832,-1569.0,-1231.0,0.06922897740507804,
DAYS_LAST_PHONE_CHANGE,"(-1231.0, -1061.0]",-0.07106327952938724,0.07560772714668638,10819,0.05026085098277872,-1230.0,-1061.0,0.07560772714668638,
DAYS_LAST_PHONE_CHANGE,"(-1060.0, -759.0]",0.023495791499552582,0.08248766409086677,21482,0.09979698685757026,-1060.0,-759.0,0.08248766409086677,
DAYS_LAST_PHONE_CHANGE,"(-758.0, -364.0]",0.15445929474891643,0.09295696308141556,43149,0.20045341150345866,-758.0,-364.0,0.09295696308141556,
DAYS_LAST_PHONE_CHANGE,"(-363.0, -5.0]",0.227486832478412,0.09930014119958254,32578,0.1513446717179929,-363.0,-5.0,0.09930014119958254,
DAYS_LAST_PHONE_CHANGE,"(-5.0, 0.0]",0.12529503822373134,0.09052697616060226,31880,0.14810203617071688,-4.0,0.0,0.09052697616060226,
DAYS_LAST_PHONE_CHANGE,missing,-1.8006478203539351,0.0,1,4.645609666584594e-06,,,0.0,"Small Bin, Zero Bad"
avg_payment_12m,"(0.00459, 0.8]",0.5946361422963702,0.13730255164034022,8230,0.03823336755599121,0.0055878928987194,0.8,0.7001848100842444,
avg_payment_12m,"(0.8, 0.895]",0.519801213973673,0.12867647058823528,7072,0.03285375156208625,0.8000001839633619,0.8947368421052632,0.8571602983548923,
avg_payment_12m,"(0.895, 0.941]",0.38245401609254787,0.11404639175257732,7760,0.03604993101269645,0.8947369156155107,0.9411764705882352,0.9202823491347041,
avg_payment_12m,"(0.941, 1.0]",-0.06753553502143743,0.07585475702293956,114126,0.5301848488086334,0.9413873686287226,1.0,0.9975509984691348,
avg_payment_12m,"(1.0, 1.5]",-0.2895048342715225,0.06168655097613883,7376,0.03426601690072797,1.0000000009975671,1.500463538537354,1.251559279892358,
avg_payment_12m,"(1.5, 21563.928]",-0.46174951976974093,0.05243790248390064,7609,0.03534844395304218,1.5004952339343849,21563.927663186038,13.229436906636145,
avg_payment_12m,missing,-0.03282445990371689,0.0783241392429142,63084,0.2930636402068225,,,,
CODE_GENDER,F,-0.15477710005502712,0.06996088178390363,141622,0.6579205322010434,,,,
CODE_GENDER,M,0.25113790661434543,0.10143549767088127,73633,0.3420701765796234,,,,
CODE_GENDER,OTHER,-4.61582676617662,0.0,2,9.291219333169189e-06,,,,Small sample; Zero bad; 
FLOORSMAX_MEDI,"(-0.001, 0.0417]",0.15469592333254786,0.09297685554668794,12530,0.05820948912230497,0.0,0.0417,0.03447288108539505,
FLOORSMAX_MEDI,"(0.0417, 0.0833]",0.023403805575956928,0.08248068490290249,4789,0.022247824693273622,0.0625,0.0833,0.08289173105032366,
FLOORSMAX_MEDI,"(0.0833, 0.125]",-0.016642805506981384,0.07950028392958547,5283,0.024542755868566413,0.1042,0.125,0.12375585841378005,
FLOORSMAX_MEDI,"(0.125, 0.167]",-0.12616720089483796,0.07184548208875423,44888,0.20853212671364926,0.1458,0.1667,0.16659337684904651,
FLOORSMAX_MEDI,"(0.167, 0.292]",-0.36013389476642194,0.05772280367903584,3153,0.014647607278741226,0.1875,0.2917,0.23869949254678086,
FLOORSMAX_MEDI,"(0.292, 0.333]",-0.2736668528887153,0.06260966320023965,23367,0.10855396107908222,0.3125,0.3333,0.3332207771643771,
FLOORSMAX_MEDI,"(0.333, 0.375]",-0.44421992745157357,0.0533157808129011,6077,0.02823136994383458,0.3542,0.375,0.3739321046569031,
FLOORSMAX_MEDI,"(0.375, 0.479]",-0.4058661135867256,0.05528511821974965,2876,0.013360773401097294,0.3958,0.4792,0.4499723226703755,
FLOORSMAX_MEDI,"(0.479, 1.0]",-0.5948279327128705,0.04620586025544703,5324,0.02473322586489638,0.5,1.0,0.6352295642374155,
FLOORSMAX_MEDI,missing,0.13820897271193655,0.0915957745162195,106970,0.49694086603455406,,,,
ext_std,"(-0.000999646, 0.017]",-0.11809282850590296,0.0723857760894798,9477,0.0440264428102222,3.538458695855212e-07,0.0169607788678365,0.008668845089764425,
ext_std,"(0.017, 0.0321]",-0.2028192165191187,0.06689880763954838,9477,0.0440264428102222,0.0169617614953419,0.0320894649459522,0.024674221270036316,
ext_std,"(0.0321, 0.0461]",-0.22500609883560352,0.06552706552706553,9477,0.0440264428102222,0.0320915394312594,0.0461049898917108,0.03916557742905486,
ext_std,"(0.0461, 0.0595]",-0.22500609883560352,0.06552706552706553,9477,0.0440264428102222,0.0461058749196487,0.059544053682458,0.052851099380762843,
ext_std,"(0.0595, 0.0723]",-0.2028192165191187,0.06689880763954838,9477,0.0440264428102222,0.0595453318176735,0.0722872883921163,0.06596881933431187,
ext_std,"(0.0723, 0.0849]",-0.20790150226766835,0.06658225176743696,9477,0.0440264428102222,0.0722874097266871,0.0848832260368445,0.07856857357884779,
ext_std,"(0.0849, 0.0975]",-0.2528010568703549,0.0638455044322499,9476,0.044021797200555615,0.0848834261405487,0.0974812022709281,0.09122331245455045,
ext_std,"(0.0975, 0.11]",-0.1515693736469891,0.0701698849846998,9477,0.0440264428102222,0.0974813138955295,0.109986505155719,0.10365186044843289,
ext_std,"(0.11, 0.123]",-0.22673061415105517,0.06542154690302839,9477,0.0440264428102222,0.1099902014728645,0.1226195854103455,0.1162179783896151,
ext_std,"(0.123, 0.136]",-0.14351113280105732,0.07069747810488551,9477,0.0440264428102222,0.1226209339051855,0.1358887971902689,0.12918852155383953,
ext_std,"(0.136, 0.15]",-0.07489733509687586,0.07534029756251978,9477,0.0440264428102222,0.1358891170691162,0.1496033009393592,0.14267287291017902,
ext_std,"(0.15, 0.164]",-0.03909392740768147,0.0778727445394112,9477,0.0440264428102222,0.1496045279759668,0.1640133601807994,0.15680823680247968,
ext_std,"(0.164, 0.179]",-0.07036204971142634,0.07565685343463122,9477,0.0440264428102222,0.1640141279197498,0.1792346168439071,0.17158123125769134,
ext_std,"(0.179, 0.196]",0.06642804127706085,0.0857956943858168,9476,0.044021797200555615,0.1792376290988222,0.195731302261586,0.18736158402139738,
ext_std,"(0.196, 0.214]",0.022470014658030904,0.08241004537300833,9477,0.0440264428102222,0.195732368852617,0.2141131631984656,0.2047244747541316,
ext_std,"(0.214, 0.235]",0.13687267297815595,0.0914846470402026,9477,0.0440264428102222,0.2141134975548077,0.2346957571519751,0.22415459346867017,
ext_std,"(0.235, 0.259]",0.2107802972544398,0.09781576448243115,9477,0.0440264428102222,0.2346991915770108,0.2589163987968044,0.24653353328787111,
ext_std,"(0.259, 0.29]",0.19150003270403249,0.09612746649783686,9477,0.0440264428102222,0.2589192194901522,0.2899105652003917,0.27356257708324366,
ext_std,"(0.29, 0.338]",0.2119754303793573,0.09792128310646829,9477,0.0440264428102222,0.2899150560868541,0.3375388970651888,0.31153520622434544,
ext_std,"(0.338, 0.652]",0.3162223088096815,0.10752347789384827,9477,0.0440264428102222,0.3375412669636582,0.65194394904561,0.3929613458097143,
ext_std,missing,0.23662726006125603,0.10012053345775497,25719,0.11948043501488918,,,,
closed_loans,"(-0.001, 1.0]",0.1555302833308545,0.09304728632583772,60969,0.2832381757619961,0.0,1.0,0.09304728632583772,
closed_loans,"(1.0, 2.0]",-0.09917424268359848,0.07366635625914593,30068,0.13968419145486557,2.0,2.0,0.07366635625914593,
closed_loans,"(3.0, 84.0]",-0.189901474363119,0.06770967189240126,93384,0.43382561310433576,3.0,84.0,0.06770967189240126,
closed_loans,missing,0.26463179849153146,0.1026722013231288,30836,0.14325201967880255,,,0.1026722013231288,
REG_CITY_NOT_WORK_CITY,0,-0.10772233053073475,0.07308520975032741,165697,0.7697635849240675,0.0,0.0,0.0,
REG_CITY_NOT_WORK_CITY,1,0.3031475830990261,0.10627522195318806,49560,0.23023641507593248,1.0,1.0,1.0,
AMT_ANNUITY,"(1615.5, 13288.5]",-0.15871765368610224,0.06970484499721552,32322,0.15015539564334726,1615.5,13288.5,0.06970484499721552,
AMT_ANNUITY,"(13288.5, 14697.0]",-0.13795551251307922,0.07106315691563575,10751,0.04994494952545097,13293.0,14697.0,0.07106315691563575,
AMT_ANNUITY,"(14697.0, 16524.0]",-0.08675076157615778,0.07451855986603405,10749,0.049935658306117806,14701.5,16524.0,0.07451855986603405,
AMT_ANNUITY,"(16528.5, 23341.5]",0.12813799747983126,0.09076129871336337,43058,0.20003066102379946,16528.5,23341.5,0.09076129871336337,
AMT_ANNUITY,"(23341.5, 24903.0]",-0.04887211255267306,0.07717340771734077,10755,0.04996353196411731,23346.0,24903.0,0.07717340771734077,
AMT_ANNUITY,"(24903.0, 26320.5]",0.07265463692708968,0.08628544862854487,10755,0.04996353196411731,24907.5,26320.5,0.08628544862854487,
AMT_ANNUITY,"(26325.0, 32013.0]",0.2208538073485298,0.09870845851271409,32287,0.1499927993050168,26325.0,32013.0,0.09870845851271409,
AMT_ANNUITY,"(32013.0, 34587.0]",-0.07608017934903087,0.07525782774319428,10763,0.05000069684144999,32017.5,34587.0,0.07525782774319428,
AMT_ANNUITY,"(34596.0, 40833.0]",0.10117356842234777,0.08856054270049252,21522,0.09998281124423364,34596.0,40833.0,0.08856054270049252,
AMT_ANNUITY,"(40837.5, 258025.5]",-0.29039856455246665,0.06163471366184532,32287,0.1499927993050168,40837.5,258025.5,0.06163471366184532,
AMT_ANNUITY,missing,-3.7239700768811264,0.0,8,3.7164877332676755e-05,,,0.0,"Small Bin, Zero Bad"
avg_day_late,"(-295.0, -14.818181818181818]",-0.17292351160145822,0.06878928508488516,51069,0.23724664006280866,-295.0,-14.818181818181818,0.06878928508488516,
avg_day_late,"(-14.818, -13.452]",-0.10086378666725669,0.07355104442483083,10197,0.04737128177016311,-14.816666666666666,-13.452380952380953,0.07355104442483083,
avg_day_late,"(-13.452, -12.302]",-0.08520248295399972,0.0746254039761042,10211,0.04743632030549529,-13.451923076923077,-12.30188679245283,0.0746254039761042,
avg_day_late,"(-12.3013698630137, -10.363636363636363]",-0.061051219961057605,0.07631051834481412,20469,0.09509098426532006,-12.3013698630137,-10.363636363636363,0.07631051834481412,
avg_day_late,"(-10.364, -9.524]",-0.04941165946159642,0.07713498622589532,10164,0.04721797665116582,-10.3625,-9.524590163934429,0.07713498622589532,
avg_day_late,"(-9.524, -8.75]",-0.04755277224181175,0.07726741922927209,10276,0.04773828493382329,-9.523809523809524,-8.75,0.07726741922927209,
avg_day_late,"(-8.748502994011975, -5.841772151898734]",0.05772114861666411,0.08511525257479156,40780,0.18944796220331975,-8.748502994011975,-5.841772151898734,0.08511525257479156,
avg_day_late,"(-5.841584158415841, -4.2727272727272725]",0.13994483962983562,0.09174042740476307,20449,0.09499807207198836,-5.841584158415841,-4.2727272727272725,0.09174042740476307,
avg_day_late,"(-4.273, -3.278]",0.22916071443719144,0.09945022580011781,10186,0.04732018006383068,-4.272251308900524,-3.2777777777777777,0.09945022580011781,
avg_day_late,"(-3.278, -1.714]",0.2473922552890574,0.10109503324208056,10228,0.04751529566982723,-3.277227722772277,-1.7142857142857142,0.10109503324208056,
avg_day_late,"(-1.714, 1406.0]",0.3724574996018712,0.11304091845746246,10191,0.0473434081121636,-1.7125,1406.0,0.11304091845746246,
avg_day_late,missing,-0.31295875312399724,0.06034248437075292,11037,0.051273593890094164,,,0.06034248437075292,
DAYS_REGISTRATION,"(-24672.0, -9946.0]",-0.39534680481316214,0.05583685604125052,21527,0.10000603929256656,-24672.0,-9946.0,0.05583685604125052,
DAYS_REGISTRATION,"(-9946.0, -9027.0]",-0.28059235628791984,0.06220406647479343,10771,0.05003786171878266,-9945.0,-9027.0,0.06220406647479343,
DAYS_REGISTRATION,"(-9026.0, -7486.0]",-0.143092193286301,0.07072490706319702,21520,0.09997352002490047,-9026.0,-7486.0,0.07072490706319702,
DAYS_REGISTRATION,"(-7485.0, -6109.0]",-0.08086328701516944,0.07492567818654775,21528,0.10001068490223314,-7485.0,-6109.0,0.07492567818654775,
DAYS_REGISTRATION,"(-6109.0, -5463.0]",-0.0011808821657653536,0.08063916759568933,10764,0.05000534245111657,-6108.0,-5463.0,0.08063916759568933,
DAYS_REGISTRATION,"(-5463.0, -4945.0]",0.05389854544949214,0.0848181143281366,10776,0.05006108976711559,-5462.0,-4945.0,0.0848181143281366,
DAYS_REGISTRATION,"(-4945.0, -4512.0]",0.1129197051158356,0.0895133525635061,10747,0.049926367086784634,-4944.0,-4512.0,0.0895133525635061,
DAYS_REGISTRATION,"(-4511.0, -1066.0]",0.07452001945896357,0.0864325343102121,75342,0.3500095234998165,-4511.0,-1066.0,0.0864325343102121,
DAYS_REGISTRATION,"(-1066.0, -693.0]",0.14129160465602214,0.09185281305032904,10789,0.05012148269278119,-1065.0,-693.0,0.09185281305032904,
DAYS_REGISTRATION,"(-692.0, 0.0]",0.22161596825806562,0.09877634578700042,21493,0.09984808856390269,-692.0,0.0,0.09877634578700042,
FLAG_DOCUMENT_3,0,-0.2892227975578241,0.06170287765173364,62412,0.2899417905108777,0.0,0.0,0.0,
FLAG_DOCUMENT_3,1,0.1003607850204541,0.08849488043442703,152845,0.7100582094891223,1.0,1.0,1.0,
months_observed_all,"(1.0, 7.0]",0.10939855757305858,0.08922670191672175,21182,0.09840330395759488,1.0,7.0,0.08922670191672175,
months_observed_all,"(7.0, 9.0]",0.3170497636817411,0.10760346487006738,10390,0.04826788443581394,8.0,9.0,0.10760346487006738,
months_observed_all,"(10.0, 13.0]",0.19508214417959394,0.09643926364736607,31398,0.1458628523114231,10.0,13.0,0.09643926364736607,
months_observed_all,"(13.0, 15.0]",0.17569594523364082,0.09476336546888695,9128,0.042405125036584175,14.0,15.0,0.09476336546888695,
months_observed_all,"(16.0, 22.0]",0.04398638374622983,0.08405179478773972,30505,0.14171432287916305,16.0,22.0,0.08405179478773972,
months_observed_all,"(22.0, 25.0]",-0.03236424412547087,0.07835732829832429,12711,0.05905034447195678,23.0,25.0,0.07835732829832429,
months_observed_all,"(25.0, 27.0]",-0.06166287161851218,0.07626731618206728,6569,0.0305170098997942,26.0,27.0,0.07626731618206728,
months_observed_all,"(27.0, 31.0]",-0.09302255973094865,0.07408717177968349,11311,0.052546490938738345,28.0,31.0,0.07408717177968349,
months_observed_all,"(32.0, 45.0]",-0.14507261793896323,0.07059488577794035,30073,0.1397074195031985,32.0,45.0,0.07059488577794035,
months_observed_all,"(46.0, 295.0]",-0.21267449026774013,0.06628614916286149,39420,0.1831299330567647,46.0,295.0,0.06628614916286149,
months_observed_all,missing,-0.20271094169703321,0.06690533015115355,12570,0.05839531350896835,,,0.06690533015115355,
avg_application_amount,"(-0.001, 29700.0]",0.376545463286066,0.11345075273049296,10163,0.04721333104149923,0.0,29700.0,20968.16428880546,
avg_application_amount,"(29700.0, 40500.0]",0.2950844942892052,0.10551181102362205,10160,0.047199394212499475,29703.0,40500.0,35345.6361963132,
avg_application_amount,"(40500.0, 49360.5]",0.2129599451332928,0.09800828239006114,10142,0.047115773238500955,40502.25,49360.5,45006.16838502417,
avg_application_amount,"(49360.5, 57852.6]",0.08861139041383485,0.08755170376206421,10154,0.04717152055449997,49362.42857142857,57852.0,53608.1752271966,
avg_application_amount,"(57852.6, 66370.5]",0.045845083414803325,0.08419497784342689,10155,0.047176166164166554,57853.5,66370.5,62071.82441345331,
avg_application_amount,"(66370.5, 74510.91]",0.04722906751060246,0.08430175300374236,10154,0.04717152055449997,66370.563,74510.775,70271.11210283528,
avg_application_amount,"(74510.91, 83227.5]",-0.00024389734519890017,0.08070866141732283,10160,0.047199394212499475,74511.0,83227.5,78817.48945823491,
avg_application_amount,"(83227.5, 92008.8]",0.03880280078939064,0.08365356192728347,10149,0.04714829250616705,83229.0,92007.0,87730.20315450763,
avg_application_amount,"(92008.8, 102330.0]",-0.05154047765209229,0.07698365820043315,10158,0.04719010299316631,92009.25,102330.0,97114.28691791157,
avg_application_amount,"(102330.0, 113193.0]",-0.03302459700219042,0.0783096926713948,10152,0.047162229335166804,102333.375,113193.0,107890.59167165302,
avg_application_amount,"(113193.0, 126000.0]",-0.0005229352140127556,0.08068796068796069,10175,0.047269078357498245,113196.2625,126000.0,119613.52565704758,
avg_application_amount,"(126000.0, 139495.5]",0.01814604024209872,0.08208366219415943,10136,0.04708789958050145,126003.21428571428,139495.5,132827.4040315505,
avg_application_amount,"(139495.5, 157500.0]",-0.04865036988977545,0.07718927232529078,10403,0.04832827736147954,139496.625,157500.0,148570.3090710585,
avg_application_amount,"(157500.0, 179955.0]",-0.0668058395393807,0.0759059251034622,9907,0.04602405496685358,157504.5,179955.0,168337.41290333174,
avg_application_amount,"(179955.0, 207105.0]",-0.11642223659184572,0.07249802994483845,10152,0.047162229335166804,179957.25,207105.0,192462.58421130077,
avg_application_amount,"(207105.0, 242712.81]",-0.016973753293244076,0.079476068544416,10154,0.04717152055449997,207110.25,242709.525,224505.50146946893,
avg_application_amount,"(242712.81, 290192.4]",-0.0892339253896801,0.07434761201378631,10155,0.047176166164166554,242715.0,290191.5,264802.27923563204,
avg_application_amount,"(290192.4, 359007.568]",-0.062249874791152696,0.07622611778609414,10154,0.04717152055449997,290196.0,359000.0,322292.5148751606,
avg_application_amount,"(359007.568, 474713.4]",-0.1784025228617414,0.06843919251600197,10155,0.047176166164166554,359009.46,474705.0,412321.31575158605,
avg_application_amount,"(474713.4, 4050000.0]",-0.3658969690583811,0.05741014278680453,10155,0.047176166164166554,474726.0,4050000.0,677535.1336485903,
avg_application_amount,missing,-0.28433978122877485,0.06198618875369944,12164,0.05650919598433501,,,,
latest_annuity,"(-0.001, 2609.064]",0.33233598489069266,0.10908018867924528,10176,0.04727372396716483,0.0,2608.965,0.10908018867924528,
latest_annuity,"(2609.46, 5121.495]",0.1743027264812921,0.09464373464373464,20350,0.09453815671499649,2609.46,5121.495,0.09464373464373464,
latest_annuity,"(5121.603, 6128.226]",0.05513314654476565,0.08491400491400491,10175,0.047269078357498245,5121.675,6128.19,0.08491400491400491,
latest_annuity,"(6128.226, 7018.83]",0.14635341961078074,0.09227594339622641,10176,0.04727372396716483,6128.235,7018.83,0.09227594339622641,
latest_annuity,"(7018.83, 8106.048]",0.048792573080913504,0.08442260442260442,10175,0.047269078357498245,7018.92,8106.03,0.08442260442260442,
latest_annuity,"(8106.048, 9000.0]",0.13272516274321072,0.091140729125833,10204,0.0474038010378292,8106.12,9000.0,0.091140729125833,
latest_annuity,"(9000.045, 22699.665]",-0.014826584762006729,0.07963329359861379,81373,0.3780271953989882,9000.045,22699.665,0.07963329359861379,
latest_annuity,"(22700.475, 38140.11]",-0.07196727121052919,0.07554463554463554,30525,0.14180723507249474,22700.475,38140.11,0.07554463554463554,
latest_annuity,"(38140.488, 47749.5]",-0.18107471974353373,0.06826875919568416,10195,0.04736199055082994,38140.74,47749.5,0.06826875919568416,
latest_annuity,"(47749.5, 300425.445]",-0.4124272419079598,0.05494289090192989,10156,0.04718081177383314,47749.77,300425.445,0.05494289090192989,
latest_annuity,missing,-0.3131766119113095,0.06033015656909462,11752,0.05459520480170215,,,0.06033015656909462,
mean_future_instalments,"(-0.001, 0.333]",0.05213955321287491,0.08468159238305506,115952,0.5386677320598169,0.0,0.3333333333333333,0.02695335809475652,
mean_future_instalments,"(0.333, 0.5]",-0.23680856558740637,0.06480805721792439,6851,0.031827071825771054,0.3571428571428571,0.5,0.4882713996874017,
mean_future_instalments,"(0.5, 1.0]",-0.27981678003737204,0.06224969528121191,11486,0.05335947263039065,0.5333333333333333,1.0,0.9103187236805106,
mean_future_instalments,"(1.0, 1.8]",-0.4804606181332058,0.051515930113052416,7784,0.03616142564469448,1.0714285714285714,1.8,1.4762246385408848,
mean_future_instalments,"(1.8, 2.583]",-0.21509618554927057,0.06613650090597946,9934,0.04614948642785136,1.8125,2.583333333333333,2.166424180616601,
mean_future_instalments,"(2.583, 3.667]",-0.057800398479856026,0.07654002213205459,10844,0.05037699122444334,2.6,3.6666666666666665,3.1237936755643756,
mean_future_instalments,"(3.667, 5.0]",0.03252461428469804,0.08317355975531818,10953,0.05088336267810106,3.692307692307693,5.0,4.432504792208822,
mean_future_instalments,"(5.0, 7.0]",0.052389375275540474,0.08470095825531446,9079,0.04217749016292153,5.066666666666666,7.0,6.121586863039666,
mean_future_instalments,"(7.0, 11.0]",0.15638564154884343,0.09311945117029863,9912,0.0460472830151865,7.111111111111111,11.0,8.999293240500869,
mean_future_instalments,"(11.0, 60.0]",0.3186612445907549,0.10775774762001215,9874,0.04587074984785628,11.166666666666666,60.0,17.113619100668423,
mean_future_instalments,missing,-0.20043196263894913,0.06704798220527486,12588,0.05847893448296687,,,,
bad_months_12m_x,"(-0.001, 1.0]",-0.07387159741245039,0.07541178582648894,178248,0.8280706318493708,0.0,1.0,0.025139131995870923,
bad_months_12m_x,"(1.0, 108.0]",0.482709564044945,0.12457476105621254,6173,0.0286773484718267,2.0,108.0,4.997408067390248,
bad_months_12m_x,missing,0.2646334612793763,0.1026722013231288,30836,0.14325201967880255,,,,
NAME_FAMILY_STATUS,Civil marriage,0.22866122008445602,0.09940510458645174,20844,0.09683308789028928,,,,
NAME_FAMILY_STATUS,Married,-0.07479826496927608,0.07534719948783983,137457,0.6385715679397186,,,,
NAME_FAMILY_STATUS,OTHER,-3.9226795856166747,0.0,1,4.645609666584594e-06,,,,Small sample; Zero bad; 
NAME_FAMILY_STATUS,Separated,-0.00818726366411406,0.08012126461671719,13854,0.06436027632086297,,,,
NAME_FAMILY_STATUS,Single / not married,0.2308848085679158,0.09960434591471456,31846,0.14794408544205298,,,,
NAME_FAMILY_STATUS,Widow,-0.33376804127067466,0.0591737005775211,11255,0.052286336797409606,,,,
total_credit,"(-0.001, 67500.0]",0.2263014452829344,0.09919404835709858,9678,0.0449602103532057,0.0,67500.0,38616.08694978301,
total_credit,"(67500.0, 125082.0]",0.09943028421241717,0.08841985168282944,8765,0.04071876872761397,67504.5,125082.0,96168.5413793497,
total_credit,"(125082.0, 188019.0]",-0.028665795007654826,0.07862487799587897,9221,0.04283716673557654,125091.0,188019.0,155493.4775778115,
total_credit,"(188019.0, 261837.0]",-0.04524837701690947,0.07743194881249323,9221,0.04283716673557654,188041.5,261837.0,224356.92777084914,
total_credit,"(261837.0, 343373.04]",-0.058990929581710864,0.07645591584426852,9221,0.04283716673557654,261852.75,343373.04,300927.9167959007,
total_credit,"(343373.04, 444919.5]",-0.06515043916938086,0.07602212341394643,9221,0.04283716673557654,343395.0,444919.5,392183.74376694503,
total_credit,"(444919.5, 546982.02]",-0.10279999466831047,0.07341936883201389,9221,0.04283716673557654,444942.0,546982.02,493002.5965659907,
total_credit,"(546982.02, 672624.0]",-0.03779967004535527,0.07796573411407504,9222,0.042841812345243126,547007.31,672624.0,607889.04803676,
total_credit,"(672624.0, 807336.0]",-0.1010898698416257,0.0735357917570499,9220,0.04283252112590996,672633.0,807336.0,736351.0028053145,
total_credit,"(807336.0, 964161.0]",-0.1318522585829937,0.07146730289556447,9221,0.04283716673557654,807349.59,964161.0,884074.8203974623,
total_credit,"(964161.0, 1144616.49]",-0.04070278580277302,0.07775729313523479,9221,0.04283716673557654,964269.225,1144616.49,1052233.2584350938,
total_credit,"(1144616.49, 1354716.0]",-0.12382635388093766,0.07200173498156583,9222,0.042841812345243126,1144642.5,1354716.0,1250233.9014329864,
total_credit,"(1354716.0, 1610860.5]",-0.06967393767809439,0.07570498915401301,9220,0.04283252112590996,1354743.0,1610860.5,1479514.6587885034,
total_credit,"(1610860.5, 1913680.98]",-0.0682422982066566,0.07580522719878538,9221,0.04283716673557654,1610887.5,1913680.98,1758760.0025680512,
total_credit,"(1913680.98, 2298669.84]",-0.013789232930042989,0.0797093590716842,9221,0.04283716673557654,1913715.0,2298669.84,2097497.5516039473,
total_credit,"(2298669.84, 2809264.5]",0.03402633983813491,0.08328814662184145,9221,0.04283716673557654,2298680.1,2809264.5,2542103.536833315,
total_credit,"(2809264.5, 3533112.0]",-0.0853941469838507,0.07461229801539963,9221,0.04283716673557654,2809354.5,3533112.0,3150132.7776461337,
total_credit,"(3533112.0, 4679455.5]",-0.08696587790620548,0.07450384990781911,9221,0.04283716673557654,3533130.0,4679455.5,4055952.3916852837,
total_credit,"(4679455.5, 6974330.49]",-0.08225697569799915,0.07482919423056068,9221,0.04283716673557654,4679500.5,6974330.49,5659034.027955753,
total_credit,"(6974330.49, 1017957917.385]",-0.3214473829721546,0.05986335538444854,9221,0.04283716673557654,6974454.645,1017957917.385,12236432.430338033,
total_credit,missing,0.2646334612793763,0.1026722013231288,30836,0.14325201967880255,,,,
applications_12m,"(-0.001, 1.0]",-0.06577923243292157,0.07597796701284738,128353,0.5962779375351325,0.0,1.0,0.33505255038838205,
applications_12m,"(1.0, 2.0]",0.02107379571326263,0.0823045267489712,26973,0.12530602953678627,2.0,2.0,2.0,
applications_12m,"(2.0, 3.0]",0.09253743816741862,0.08786584988552688,16161,0.07507769782167363,3.0,3.0,3.0,
applications_12m,"(3.0, 4.0]",0.13297906828026362,0.09116154361773436,10443,0.04851410174814292,4.0,4.0,4.0,
applications_12m,"(4.0, 5.0]",0.24489955431622046,0.10086830680173661,6910,0.03210116279609954,5.0,5.0,5.0,
applications_12m,"(5.0, 7.0]",0.2610262329074704,0.10234034113447045,7563,0.03513474590837928,6.0,7.0,6.395610207589581,
applications_12m,"(7.0, 61.0]",0.42105261726809856,0.11800486618004866,7398,0.03436822031339283,8.0,61.0,10.991754528250878,
applications_12m,missing,-0.3164866151826679,0.060143156424581005,11456,0.053220104340393114,,,,
bad_ratio_all,"(-0.001, 0.0267]",-0.047724672989713876,0.07725523653648599,172299,0.800433899942859,0.0,0.0266666666666666,0.0008356693209605199,
bad_ratio_all,"(0.0267, 0.0556]",0.1637582879974155,0.09374392850204002,10294,0.047821905907821816,0.0267857142857142,0.0555555555555555,0.040107162968403005,
bad_ratio_all,"(0.0556, 0.125]",0.32120604505224215,0.10800266438290988,10509,0.0488207119861375,0.056,0.125,0.08608437574220983,
bad_ratio_all,"(0.125, 1.0]",0.414947155657642,0.11737089201877934,9585,0.044528168654213336,0.1259259259259259,1.0,0.3067843922430923,
bad_ratio_all,missing,-0.20271473292916656,0.06690533015115355,12570,0.05839531350896835,,,,
avg_day_late_12m,"(-415.0, -11.666666666666666]",-0.19291693974521298,0.06751954513148543,53466,0.2483821664336119,-415.0,-11.666666666666666,0.06751954513148543,
avg_day_late_12m,"(-11.657142857142857, -9.583333333333334]",-0.0453579948403538,0.07742407124343723,15047,0.0699024886530984,-11.657142857142857,-9.583333333333334,0.07742407124343723,
avg_day_late_12m,"(-9.583, -8.667]",-0.01670422776127154,0.07949575508103936,7774,0.03611496954802863,-9.578947368421051,-8.666666666666666,0.07949575508103936,
avg_day_late_12m,"(-8.659574468085106, -6.944444444444445]",0.05898848229542884,0.0852140336861727,15021,0.0697817028017672,-8.659574468085106,-6.944444444444445,0.0852140336861727,
avg_day_late_12m,"(-6.944, -6.089]",0.06577137673979866,0.08574434508153603,7604,0.03532521590470925,-6.942857142857143,-6.090909090909091,0.08574434508153603,
avg_day_late_12m,"(-6.089, -5.286]",0.11467962723101055,0.08965696465696466,7696,0.03575261199403504,-6.088235294117647,-5.285714285714286,0.08965696465696466,
avg_day_late_12m,"(-5.286, -4.5]",0.13941939726376554,0.09169684428349716,7732,0.035919853942032086,-5.283018867924528,-4.5,0.09169684428349716,
avg_day_late_12m,"(-4.491803278688525, -2.909090909090909]",0.16465998046990749,0.09382074843521108,15018,0.06976776597276743,-4.491803278688525,-2.909090909090909,0.09382074843521108,
avg_day_late_12m,"(-2.909, -2.0]",0.20767053949229183,0.09754214386822803,7771,0.03610103271902888,-2.9069767441860463,-2.0,0.09754214386822803,
avg_day_late_12m,"(-1.9827586206896552, 159.46153846153845]",0.2649181837721711,0.10269875033235841,15044,0.06988855182409863,-1.9827586206896552,159.46153846153845,0.10269875033235841,
avg_day_late_12m,missing,-0.032824346337858065,0.0783241392429142,63084,0.2930636402068225,,,0.0783241392429142,
late_count_7,"(-0.001, 1.0]",-0.04712101524739723,0.07729827603493934,169551,0.7876677645790845,0.0,1.0,0.07729827603493934,
late_count_7,"(2.0, 6.0]",0.27620094927080224,0.10374302330119824,25621,0.11902516526756389,2.0,6.0,0.10374302330119824,
late_count_7,"(6.0, 143.0]",0.28569327295994856,0.10462932272677053,9051,0.04204741309225716,7.0,143.0,0.10462932272677053,
late_count_7,missing,-0.31266944864708374,0.06035889070146819,11034,0.051259657061094414,,,0.06035889070146819,
